Filename,Run Count,Last Run Date
"D:\tools\changyong_ziliao\JetBrains  2022 最新全家桶激活",3,133535081848787803
"C:\Windows\Prefetch\STEAMTOOLSSETUP.EXE-9761417D.pf",3,133217147306096546
"C:\Users\Public\Documents\Steam\CODEX\582010",3,133207489098355313
"C:\Users\df-2002\AppData\Local\WeMod\WeMod.exe",3,132999906492967439
"D:\unuse app home\Navicat Premium 15\navicat.exe",2,133535565503788067
"C:\Windows\Prefetch\MYSQLINSTALLER.EXE-93BA673C.pf",2,133412398132968313
"E:\Games\Steam++.exe",2,133387254693932726
"D:\steam\Steam++\Steam++.exe",2,133381758846304273
"C:\Users\df-2002\AppData\Local\0install.net\implementations\sha256new_WV5TRETXUBOQ6LZJA35T7HWCPRK37DFDDMEP2CXC765WUMVMIUYQ\DeepL.exe",2,133211801416230745
"D:\天翼云盘下载\工作、消费主义和新穷人 ((英)齐格蒙特·鲍曼) (z-lib.org).pdf",2,133169501989295181
"D:\BaiduNetdiskDownload",2,132849194777616138
"C:\$Recycle.Bin\S-1-5-21-1501813166-3125776887-4080344081-1001\$R7U7OXB\app\传奇回收版.ico",2,132753715193917800
"C:\Program Files\MySQL\MySQL Server 8.0",1,133537546661114515
"C:\ProgramData\MySQL\MySQL Server 8.0",1,133537546552326084
"D:\LINGO64_18\Notepad++",1,133535978251969188
"C:\Users\df-2002\Downloads\Documents\用量子蚁群算法求解大规模旅行商问题.pdf",1,133468247004087473
"C:\Program Files\WindowsApps\CanonicalGroupLimited.Ubuntu20.04onWindows_2004.2022.8.0_x64__79rhkp1fndgsc\ubuntu2004.exe",1,133419382007845587
"C:\Users\df-2002\AppData\Local\CrashDumps\MySQLInstaller.exe(1).10924.dmp",1,133412397889404868
"C:\Users\df-2002\AppData\Roaming\MySQL\Workbench\sql_workspaces\Local_instance_MySQL80-1.workspace",1,133412396929024801
"C:\Program Files (x86)\Tencent\微信web开发者工具\code\package.nw\js\common\cloud-functions-debugger-frontend\libs\vs\basic-languages\mysql",1,133412396861418757
"D:\python310\Lib\site-packages\nltk",1,133408677174454923
"D:\all_user_application\Lib\site-packages\nltk",1,133408675566093623
"D:\all_user_application\pkgs\protego-0.1.16-py_0\info\test\tests\test_data\www.mysql.com",1,133400905875530954
"C:\Users\df-2002\AppData\Local\Temp\mysql-workbench-14800",1,133400905584866781
"C:\Windows\System32\Tasks_Migrated\MySQL",1,133393420868584772
"C:\Windows\System32\Tasks\MySQL",1,133393420741225028
"C:\ProgramData\Microsoft\Windows\Start Menu\Programs\MySQL",1,133393395573731822
"C:\ProgramData\MySQL",1,133393395414839163
"C:\Program Files\MySQL",1,133393394977546675
"C:\Users\df-2002\AppData\Roaming\rmbgame.net\Steam++",1,133387254775322344
"D:\schoolneed\steam_++\Steam++.exe",1,133381758694715359
"C:\Users\df-2002\AppData\Local\rmbgame.net\Steam++.exe_Url_jgjf5rljeomyhaztvxbawlowdhwhatj4",1,133381749503667100
"C:\Users\df-2002\AppData\Local\rmbgame.net\Steam++",1,133381749299267618
"C:\ProgramData\Microsoft\Windows\Start Menu\Programs\Steam++",1,133381749252354784
"C:\Users\df-2002\Downloads\Compressed\python_for_data_analysis_2nd_chinese_version-master.zip",1,133361278841219718
"C:\Users\df-2002\PycharmProjects\pythonProject1\机器学习",1,133358449131559476
"C:\Users\df-2002\Downloads\Documents\Python机器学习入门与实战（以实操为基础，以入行为目的，快速帮助你掌握Python机器学习相关技能） (桑园) (Z-Library).pdf",1,133358443478280284
"C:\Users\df-2002\NUMpy.ipynb",1,133349253023516909
"D:\steam\steam.exe",1,133343815877684301
"E:\Games\Euro Truck Simulator 2\bin\win_x86\steam_api.dll",1,133334325875161749
"D:\tools\MouseInc\MouseInc.exe",1,133300149746647365
"E:\SteamLibrary\steamapps\common\Devil May Cry 5",1,133295682428346670
"D:\迅雷下载\G1010-怪物猎人：世界-设定图集\monsterhunter_conceptart1.jpg",1,133284387947657752
"D:\安装包\帮助工具\TheWorld6",1,133248369630678227
"D:\天翼云盘下载\MONSTER HUNTER WORLD ALL DLC UNLOCK .7z",1,133226243809876702
"D:\unuse app home\Git\etc\gitconfig",1,133223703614630820
"D:\天翼云盘下载\SteamtoolsSetup.exe",1,133217146955721324
"D:\youxi\steamtools",1,133217146704506780
"C:\Users\df-2002\AppData\Local\0install.net\implementations\sha256new_JCCQDCLOYQPYCEPZF325EEMUOXSHGMIFC42HMBHVLBFPWCTZ75KA\DeepL.exe",1,133211801334245687
"C:\Users\df-2002\AppData\Roaming\Stool\Steamtools.exe",1,133178087879766691
"C:\Users\df-2002\AppData\Local\Temp\MicrosoftEdgeDownloads\99a95ff1-f712-4055-9a6c-f04da68f14b3\XJ271.txt",1,133171105181647485
"C:\Users\df-2002\Downloads\Video\【随便聊聊】我们目前可以也必然要采取的公开姿态_3.zip",1,133169504644690691
"D:\steam\Steam++",1,133162732212334954
"D:\schoolneed\最新的例题、习题数据集2016.03\例题、习题数据集2016.03",1,133146783709131705
"C:\Users\df-2002\AppData\Roaming\Microsoft\Windows\Start Menu\Programs\世界之窗浏览器6",1,133138608002385930
"D:\WeChat\WeChat Files\wxid_z9l5x5nl3c4h22\FileStorage\File\2022-10\输出2.spv",1,133130353893629111
"D:\tools\资料，剩下的是python\apache-maven-3.8.6",1,133110854149181822
"C:\Users\df-2002\.m2\wrapper\dists\apache-maven-3.6.0-bin\2dakv70gp803gtm5ve1ufmvttn\apache-maven-3.6.0",1,133110812506898237
"C:\Users\df-2002\Documents\WPS Cloud Files\.1137588905\cachedata\DF685E1D330148CAB3EEBCB70427A3D9\Washing  Machine_v1.0.docx",1,133103819195871969
"C:\Users\df-2002\AppData\Roaming\Microsoft\Windows\Start Menu\Programs\Python 3.9",1,133071830361285790
"C:\Program Files (x86)\Common Files\Adobe\Startup Scripts CC\Adobe Photoshop",1,133071694525028215
"D:\temp.txt",1,133010272584746001
"C:\Users\df-2002\Documents\MATLAB",1,133004165301189563
"C:\Users\df-2002\AppData\Local\NVIDIA\NvBackend\ApplicationOntology\data\wrappers\the_cycle",1,132990433508458678
"C:\Users\df-2002\AppData\Local\NVIDIA\NvBackend\ApplicationOntology\data\wrappers\helldivers",1,132964862268406423
"C:\Users\df-2002\AppData\Local\NVIDIA\NvBackend\ApplicationOntology\data\wrappers\a_way_out",1,132948087023175825
"D:\MATLAB\R2010b\help\toolbox\idelink\eclipse",1,132869665158423689
"C:\Users\df-2002\AppData\Roaming\Microsoft\Windows\Start Menu\Programs\Visual Studio Code",1,132855595418940097
"D:\学习总结\MathType 6.5",1,132855590667655726
"D:\数学实验2021\MathType 6.5",1,132855590642718688
"C:\Users\df-2002\Documents\Tencent Files\2303282024\FileRecv",1,132851609436069408
"C:\Program Files (x86)\Common Files\Steam",1,132809394878327317
"D:\RocketDock\Docklets",1,132805783281055393
"D:\qycache\Bin\QQCallmc.exe",1,132767130283960835
"C:\Users\df-2002\AppData\Roaming\Netease\UU\icons\5f89711304c21515dec6ddc4_5f8971576f04949bac1580fdG4QQLsgp02.ico",1,132767130180085483
"C:\Users\df-2002\AppData\Roaming\Netease\UU\icons\595eeaeae3a8b2107063b7ec_595eeaea5e6027c41820a8affQQmk5Cg.ico",1,132767130139625605
"C:\Users\df-2002\AppData\Roaming\Netease\UU\icons\58fdc664e3a8b2265b26e57a_58fdc66496dee4b3789d89b6guIqqE5g.ico",1,132767130105012129
"C:\Users\df-2002\AppData\Roaming\Tencent\QQ\QQApp",1,132767129973175087
